﻿userID;initials;surname;middleName;departmentID;interncell;sex;email;password;userType
;V;Campbell;;2;254;1;vcampbell@cad.matwente.com;;1
;S;Geerman;;2;253;1;sgeerman@cad.matwente.com;;1
;S;Nahuys; Van;2;252;2;snahuys@cad.matwente.com;;1
;F;Çiçek;;3;235;2;fçiçek@directie.matwente.com;;3
;O;Neville;;3;236;1;oneville@directie.matwente.com;;3
;M;Oldeneel tot Oldenzeel; Van;3;234;2;moldeneeltotoldenzeel@directie.matwente.com;;3
;M; Barney;;4;250;1;mbarney@engeneering.matwente.com;;1
;K;Ali;;4;244;2;kali@engeneering.matwente.com;;1
;Z;Bozkurt;;4;239;1;zbozkurt@engeneering.matwente.com;;1
;A;Conley;;4;245;2;aconley@engeneering.matwente.com;;1
;H;Grotenhuis van Onstein; Van;4;241;2;hgrotenhuisvanonstein@engeneering.matwente.com;;1
;C;Hall;;4;240;1;chall@engeneering.matwente.com;;1
;M;Hugenpoth; Van;4;242;2;mhugenpoth@engeneering.matwente.com;;1
;P;Koning;;4;237;1;pkoning@engeneering.matwente.com;;1
;B;Rochussen;;4;247;1;brochussen@engeneering.matwente.com;;1
;K;Schwartzenberg en Hohenlansberg; Thoe;4;246;2;kschwartzenbergenhohenlansberg@engeneering.matwente.com;;1
;J;Wilder;;4;249;2;jwilder@engeneering.matwente.com;;1
;E;Yalçin;;4;248;2;eyalçin@engeneering.matwente.com;;1
;J;Matse;;5;290;1;jmatse@financieleadministratie.matwente.com;;1
;N;Kinschot; Van;5;290;2;nkinschot@financieleadministratie.matwente.com;;1
;K;Nguyen;;5;290;2;knguyen@financieleadministratie.matwente.com;;1
;A;Girard de Mielet van Coehoorn; De;6;276;1;agirarddemieletvancoehoorn@hrm.matwente.com;;1
;H;Aktaş;;7;278;2;haktaş@ict.matwente.com;;2
;S;Harrison;;7;279;1;sharrison@ict.matwente.com;;2
;V;Delen; Van;8;263;2;vdelen@onderzoek.matwente.com;;1
;T;Gülcher;;8;264;1;tgülcher@onderzoek.matwente.com;;1
;L;Leyden; Van;8;282;2;lleyden@onderzoek.matwente.com;;1
;A;Posson; De;8;261;1;aposson@onderzoek.matwente.com;;1
;M;Tahiri;;8;265;2;mtahiri@onderzoek.matwente.com;;1
;J;Thompson;;8;266;1;jthompson@onderzoek.matwente.com;;1
;L;Vos van Steenwijk; De;8;281;1;lvosvansteenwijk@onderzoek.matwente.com;;1
;E;Westreenen van Tiellandt; Van;8;280;1;ewestreenenvantiellandt@onderzoek.matwente.com;;1
;F;Erp; Van;9;260;1;ferp@planning.matwente.com;;1
;J;Flugi van Aspermont;;9;262;2;jflugivanaspermont@planning.matwente.com;;1
;V;Harrison;;10;259;1;vharrison@projectplanning.matwente.com;;1
;K;Malik;;10;258;2;kmalik@projectplanning.matwente.com;;1
;L;Sasse van Ysselt; Van;10;257;1;lsassevanysselt@projectplanning.matwente.com;;1
;M;Schinne; Van;10;251;2;mschinne@projectplanning.matwente.com;;1
;T;Wolters;;10;256;2;twolters@projectplanning.matwente.com;;1
;R;Jansz.;;11;277;1;rjansz.@rapportage.matwente.com;;1
;D;Bergh; Van Benthem van den;11;268;2;dbergh@rapportage.matwente.com;;1
;O;Chamberlain;;11;275;1;ochamberlain@rapportage.matwente.com;;1
;L;Hesselt van Dinter;;11;267;1;lhesseltvandinter@rapportage.matwente.com;;1
;D;Festetics de Tolna;;12;243;2;dfesteticsdetolna@secretariaat.matwente.com;;1
;S;Sandberg;;12;238;2;ssandberg@secretariaat.matwente.com;;1
;B;Wydenbruck; Von;12;255;2;bwydenbruck@secretariaat.matwente.com;;1
;E;Aslan;;13;270;1;easlan@verkoopenmarketing.matwente.com;;1
;F;Suasso; Lopes;13;270;2;fsuasso@verkoopenmarketing.matwente.com;;1
;J;Thompson;;13;270;2;jthompson@verkoopenmarketing.matwente.com;;1
